{
    "title": "图片",
    "icon": "home",
    "opened": false,
    "items": [
    {
        "text": "",
        "icon": "statics/topo/office/index (9).svg",
        "info": {
            "type": "image",
            "action": [],
            "dataBind": {
                "sn": "",
                "title": "",
                "biz": "",
                "queryParam": {}
            },
            "style": {
                "position": {
                    "x": 0,
                    "y": 0,
                    "w": 42,
                    "h": 42
                },
                "backColor": "transparent",
                "zIndex": 1,
                "url": "statics/topo/office/index (9).svg"
            }
        }
    },
    {
        "text": "",
        "icon": "statics/topo/office/g73.svg",
        "info": {
            "type": "image",
            "action": [],
            "dataBind": {
                "sn": "",
                "title": "",
                "biz": "",
                "queryParam": {}
            },
            "style": {
                "position": {
                    "x": 0,
                    "y": 0,
                    "w": 42,
                    "h": 42
                },
                "backColor": "transparent",
                "zIndex": 1,
                "url": "statics/topo/office/g73.svg"
            }
        }
    },
    {
        "text": "",
        "icon": "statics/topo/office/g01.svg",
        "info": {
            "type": "image",
            "action": [],
            "dataBind": {
                "sn": "",
                "title": "",
                "biz": "",
                "queryParam": {}
            },
            "style": {
                "position": {
                    "x": 0,
                    "y": 0,
                    "w": 42,
                    "h": 42
                },
                "backColor": "transparent",
                "zIndex": 1,
                "url": "statics/topo/office/g01.svg"
            }
        }
    },
    {
        "text": "",
        "icon": "statics/topo/office/g02.svg",
        "info": {
            "type": "image",
            "action": [],
            "dataBind": {
                "sn": "",
                "title": "",
                "biz": "",
                "queryParam": {}
            },
            "style": {
                "position": {
                    "x": 0,
                    "y": 0,
                    "w": 42,
                    "h": 42
                },
                "backColor": "transparent",
                "zIndex": 1,
                "url": "statics/topo/office/g02.svg"
            }
        }
    },
    {
        "text": "",
        "icon": "statics/topo/office/g03.svg",
        "info": {
            "type": "image",
            "action": [],
            "dataBind": {
                "sn": "",
                "title": "",
                "biz": "",
                "queryParam": {}
            },
            "style": {
                "position": {
                    "x": 0,
                    "y": 0,
                    "w": 42,
                    "h": 42
                },
                "backColor": "transparent",
                "zIndex": 1,
                "url": "statics/topo/office/g03.svg"
            }
        }
    }
    ,
    {
        "text": "",
        "icon": "statics/topo/office/20190701182101_368.png",
        "info": {
            "type": "image",
            "action": [],
            "dataBind": {
                "sn": "",
                "title": "",
                "biz": "",
                "queryParam": {}
            },
            "style": {
                "position": {
                    "x": 0,
                    "y": 0,
                    "w": 142,
                    "h": 212
                },
                "backColor": "transparent",
                "zIndex": 1,
                "url": "statics/topo/office/20190701182101_368.png"
            }
        }
    }
    ,
    {
        "text": "",
        "icon": "statics/topo/office/20190702170803_715.png",
        "info": {
            "type": "image",
            "action": [],
            "dataBind": {
                "sn": "",
                "title": "",
                "biz": "",
                "queryParam": {}
            },
            "style": {
                "position": {
                    "x": 0,
                    "y": 0,
                    "w": 142,
                    "h": 212
                },
                "backColor": "transparent",
                "zIndex": 1,
                "url": "statics/topo/office/20190702170803_715.png"
            }
        }
    },
    {
        "text": "",
        "icon": "statics/topo/office/20190701181428_161.png",
        "info": {
            "type": "image",
            "action": [],
            "dataBind": {
                "sn": "",
                "title": "",
                "biz": "",
                "queryParam": {}
            },
            "style": {
                "position": {
                    "x": 0,
                    "y": 0,
                    "w": 142,
                    "h": 212
                },
                "backColor": "transparent",
                "zIndex": 1,
                "url": "statics/topo/office/20190701181428_161.png"
            }
        }
    },
    {
        "text": "",
        "icon": "statics/topo/office/20190701181354_914.png",
        "info": {
            "type": "image",
            "action": [],
            "dataBind": {
                "sn": "",
                "title": "",
                "biz": "",
                "queryParam": {}
            },
            "style": {
                "position": {
                    "x": 0,
                    "y": 0,
                    "w": 142,
                    "h": 212
                },
                "backColor": "transparent",
                "zIndex": 1,
                "url": "statics/topo/office/20190701181354_914.png"
            }
        }
    },
    {
        "text": "",
        "icon": "statics/topo/office/GD.svg",
        "info": {
            "type": "image",
            "action": [],
            "dataBind": {
                "sn": "",
                "title": "",
                "biz": "",
                "queryParam": {}
            },
            "style": {
                "position": {
                    "x": 0,
                    "y": 0,
                    "w": 142,
                    "h": 212
                },
                "backColor": "transparent",
                "zIndex": 1,
                "url": "statics/topo/office/GD.svg"
            }
        }
    },
    {
        "text": "",
        "icon": "statics/topo/office/20190701181434_604.png",
        "info": {
            "type": "image",
            "action": [],
            "dataBind": {
                "sn": "",
                "title": "",
                "biz": "",
                "queryParam": {}
            },
            "style": {
                "position": {
                    "x": 0,
                    "y": 0,
                    "w": 142,
                    "h": 112
                },
                "backColor": "transparent",
                "zIndex": 1,
                "url": "statics/topo/office/20190701181434_604.png"
            }
        }
    },
    {
        "text": "",
        "icon": "statics/topo/office/20190701182105_431.png",
        "info": {
            "type": "image",
            "action": [],
            "dataBind": {
                "sn": "",
                "title": "",
                "biz": "",
                "queryParam": {}
            },
            "style": {
                "position": {
                    "x": 0,
                    "y": 0,
                    "w": 142,
                    "h": 112
                },
                "backColor": "transparent",
                "zIndex": 1,
                "url": "statics/topo/office/20190701182105_431.png"
            }
        }
    }
]
}